timestamp,count,event_type
327242,4294321,sync_qpc_time
348802,4294321,cpu_time
494128,4294323,sync_qpc_time
518478,4294323,cpu_time
661408,4294325,sync_qpc_time
683852,4294325,cpu_time
826402,4294327,sync_qpc_time
849086,4294327,cpu_time
994034,4294329,sync_qpc_time
1016336,4294329,cpu_time
1160628,4294331,sync_qpc_time
1180331,4294331,cpu_time
1327683,4294333,sync_qpc_time
1348351,4294333,cpu_time
1577758,4294336,sync_qpc_time
1592772,4294336,cpu_time
1665370,4220854,sync_qpc_time
1665652,4220854,cpu_time
1748716,4220855,sync_qpc_time
1748972,4220855,cpu_time
1832065,4220856,sync_qpc_time
1833175,4220856,cpu_time
1915404,4220857,sync_qpc_time
1915664,4220857,cpu_time
1998772,4220858,sync_qpc_time
1999651,4220858,cpu_time
2082084,4220859,sync_qpc_time
2082593,4220859,cpu_time
2165432,4220860,sync_qpc_time
2165700,4220860,cpu_time
2248790,4220861,sync_qpc_time
2249035,4220861,cpu_time
2332149,4220862,sync_qpc_time
2332448,4220862,cpu_time
2415490,4220863,sync_qpc_time
2416114,4220863,cpu_time
2498831,4220864,sync_qpc_time
2499075,4220864,cpu_time
2582175,4220865,sync_qpc_time
2582401,4220865,cpu_time
2665526,4220866,sync_qpc_time
2665903,4220866,cpu_time
2748870,4220867,sync_qpc_time
2749130,4220867,cpu_time
2832283,4220868,sync_qpc_time
2832569,4220868,cpu_time
2915617,4220869,sync_qpc_time
2915920,4220869,cpu_time
2998957,4220870,sync_qpc_time
2999215,4220870,cpu_time
3082313,4220871,sync_qpc_time
3082628,4220871,cpu_time
3165583,4220872,sync_qpc_time
3165800,4220872,cpu_time
3248931,4220873,sync_qpc_time
3249153,4220873,cpu_time
3332338,4220874,sync_qpc_time
3332600,4220874,cpu_time
3415657,4220875,sync_qpc_time
3415917,4220875,cpu_time
3499040,4220876,sync_qpc_time
3500690,4220876,cpu_time
3582373,4220877,sync_qpc_time
3582619,4220877,cpu_time
3665738,4220878,sync_qpc_time
3666045,4220878,cpu_time
3749051,4220879,sync_qpc_time
3749302,4220879,cpu_time
3832427,4220880,sync_qpc_time
3832710,4220880,cpu_time
3915713,4220881,sync_qpc_time
3915953,4220881,cpu_time
3999045,4220882,sync_qpc_time
3999297,4220882,cpu_time
4082402,4220883,sync_qpc_time
4082664,4220883,cpu_time
4165818,4220884,sync_qpc_time
4166289,4220884,cpu_time
4249164,4220885,sync_qpc_time
4249477,4220885,cpu_time
4332491,4220886,sync_qpc_time
4332950,4220886,cpu_time
4415849,4220887,sync_qpc_time
4416138,4220887,cpu_time
4499168,4220888,sync_qpc_time
4499420,4220888,cpu_time
4582472,4220889,sync_qpc_time
4583190,4220889,cpu_time
4665810,4220890,sync_qpc_time
4666026,4220890,cpu_time
4749235,4220891,sync_qpc_time
4749530,4220891,cpu_time
4832577,4220892,sync_qpc_time
4832861,4220892,cpu_time
4915910,4220893,sync_qpc_time
4916180,4220893,cpu_time
4999233,4220894,sync_qpc_time
4999497,4220894,cpu_time
5082552,4220895,sync_qpc_time
5082769,4220895,cpu_time
5165973,4220896,sync_qpc_time
5166271,4220896,cpu_time
5249284,4220897,sync_qpc_time
5249556,4220897,cpu_time
5332597,4220898,sync_qpc_time
5332887,4220898,cpu_time
5416039,4220899,sync_qpc_time
5417417,4220899,cpu_time
5499386,4220900,sync_qpc_time
5499814,4220900,cpu_time
5582641,4220901,sync_qpc_time
5582887,4220901,cpu_time
5665984,4220902,sync_qpc_time
5666383,4220902,cpu_time
5749386,4220903,sync_qpc_time
5749681,4220903,cpu_time
5832668,4220904,sync_qpc_time
5832892,4220904,cpu_time
5916023,4220905,sync_qpc_time
5916472,4220905,cpu_time
5999369,4220906,sync_qpc_time
5999740,4220906,cpu_time
6082713,4220907,sync_qpc_time
6083321,4220907,cpu_time
6166059,4220908,sync_qpc_time
6167053,4220908,cpu_time
6249406,4220909,sync_qpc_time
6249956,4220909,cpu_time
6332744,4220910,sync_qpc_time
6333640,4220910,cpu_time
6416095,4220911,sync_qpc_time
6416326,4220911,cpu_time
6499445,4220912,sync_qpc_time
6499702,4220912,cpu_time
6582810,4220913,sync_qpc_time
6583272,4220913,cpu_time
6666119,4220914,sync_qpc_time
6666369,4220914,cpu_time
6749460,4220915,sync_qpc_time
6749669,4220915,cpu_time
6832872,4220916,sync_qpc_time
6833157,4220916,cpu_time
6916154,4220917,sync_qpc_time
6916384,4220917,cpu_time
6999518,4220918,sync_qpc_time
6999773,4220918,cpu_time
7082845,4220919,sync_qpc_time
7083083,4220919,cpu_time
7166202,4220920,sync_qpc_time
7166449,4220920,cpu_time
7249554,4220921,sync_qpc_time
7249798,4220921,cpu_time
7332887,4220922,sync_qpc_time
7333111,4220922,cpu_time
7416305,4220923,sync_qpc_time
7416806,4220923,cpu_time
7499577,4220924,sync_qpc_time
7500027,4220924,cpu_time
7582938,4220925,sync_qpc_time
7583215,4220925,cpu_time
7666312,4220926,sync_qpc_time
7666771,4220926,cpu_time
7749635,4220927,sync_qpc_time
7749906,4220927,cpu_time
7832958,4220928,sync_qpc_time
7833357,4220928,cpu_time
7916341,4220929,sync_qpc_time
7916666,4220929,cpu_time
7999717,4220930,sync_qpc_time
7999973,4220930,cpu_time
8083063,4220931,sync_qpc_time
8083487,4220931,cpu_time
8166370,4220932,sync_qpc_time
8166625,4220932,cpu_time
8249709,4220933,sync_qpc_time
8249941,4220933,cpu_time
8333110,4220934,sync_qpc_time
8333395,4220934,cpu_time
8416410,4220935,sync_qpc_time
8416652,4220935,cpu_time
8499752,4220936,sync_qpc_time
8500237,4220936,cpu_time
8583089,4220937,sync_qpc_time
8583311,4220937,cpu_time
8666582,4220938,sync_qpc_time
8667396,4220938,cpu_time
8749837,4220939,sync_qpc_time
8750666,4220939,cpu_time
8833166,4220940,sync_qpc_time
8833409,4220940,cpu_time
8916548,4220941,sync_qpc_time
8916792,4220941,cpu_time
8999819,4220942,sync_qpc_time
9000042,4220942,cpu_time
9083193,4220943,sync_qpc_time
9083448,4220943,cpu_time
9166546,4220944,sync_qpc_time
9167037,4220944,cpu_time
9249845,4220945,sync_qpc_time
9250068,4220945,cpu_time
9333188,4220946,sync_qpc_time
9334246,4220946,cpu_time
9416586,4220947,sync_qpc_time
9416850,4220947,cpu_time
9499879,4220948,sync_qpc_time
9500240,4220948,cpu_time
9583299,4220949,sync_qpc_time
9584444,4220949,cpu_time
9666861,4220950,sync_qpc_time
9667138,4220950,cpu_time
9749932,4220951,sync_qpc_time
9750173,4220951,cpu_time
9833317,4220952,sync_qpc_time
9833591,4220952,cpu_time
9916608,4220953,sync_qpc_time
9917024,4220953,cpu_time
9999996,4220954,sync_qpc_time
10000257,4220954,cpu_time
10083322,4220955,sync_qpc_time
10083574,4220955,cpu_time
10166654,4220956,sync_qpc_time
10167193,4220956,cpu_time
10250017,4220957,sync_qpc_time
10250523,4220957,cpu_time
10333353,4220958,sync_qpc_time
10334272,4220958,cpu_time
10416707,4220959,sync_qpc_time
10416965,4220959,cpu_time
10500049,4220960,sync_qpc_time
10500294,4220960,cpu_time
10583415,4220961,sync_qpc_time
10583658,4220961,cpu_time
10666736,4220962,sync_qpc_time
10666949,4220962,cpu_time
10750109,4220963,sync_qpc_time
10751203,4220963,cpu_time
10833523,4220964,sync_qpc_time
10834628,4220964,cpu_time
10916782,4220965,sync_qpc_time
10917412,4220965,cpu_time
11000106,4220966,sync_qpc_time
11001154,4220966,cpu_time
11083494,4220967,sync_qpc_time
11083758,4220967,cpu_time
11166818,4220968,sync_qpc_time
11167071,4220968,cpu_time
11250161,4220969,sync_qpc_time
11250413,4220969,cpu_time
11333541,4220970,sync_qpc_time
11334217,4220970,cpu_time
11416834,4220971,sync_qpc_time
11417054,4220971,cpu_time
11500310,4220972,sync_qpc_time
11501046,4220972,cpu_time
11583533,4220973,sync_qpc_time
11584020,4220973,cpu_time
11666904,4220974,sync_qpc_time
11667177,4220974,cpu_time
11750251,4220975,sync_qpc_time
11750733,4220975,cpu_time
11834195,4220976,sync_qpc_time
11834742,4220976,cpu_time
11916933,4220977,sync_qpc_time
11917182,4220977,cpu_time
12000270,4220978,sync_qpc_time
12000653,4220978,cpu_time
12083619,4220979,sync_qpc_time
12083860,4220979,cpu_time
12166966,4220980,sync_qpc_time
12167213,4220980,cpu_time
12250306,4220981,sync_qpc_time
12250568,4220981,cpu_time
12333656,4220982,sync_qpc_time
12333901,4220982,cpu_time
12417030,4220983,sync_qpc_time
12417280,4220983,cpu_time
12500348,4220984,sync_qpc_time
12500600,4220984,cpu_time
12583700,4220985,sync_qpc_time
12584150,4220985,cpu_time
12667165,4220986,sync_qpc_time
12667586,4220986,cpu_time
12750391,4220987,sync_qpc_time
12750784,4220987,cpu_time
12833735,4220988,sync_qpc_time
12833990,4220988,cpu_time
12917069,4220989,sync_qpc_time
12917289,4220989,cpu_time
13000471,4220990,sync_qpc_time
13000765,4220990,cpu_time
13083777,4220991,sync_qpc_time
13084029,4220991,cpu_time
13167270,4220992,sync_qpc_time
13167576,4220992,cpu_time
13250470,4220993,sync_qpc_time
13250718,4220993,cpu_time
13333801,4220994,sync_qpc_time
13334057,4220994,cpu_time
13417191,4220995,sync_qpc_time
13417484,4220995,cpu_time
13500516,4220996,sync_qpc_time
13500791,4220996,cpu_time
13583896,4220997,sync_qpc_time
13584262,4220997,cpu_time
13667256,4220998,sync_qpc_time
13667605,4220998,cpu_time
13750554,4220999,sync_qpc_time
13750851,4220999,cpu_time
13833910,4221000,sync_qpc_time
13834169,4221000,cpu_time
13917262,4221001,sync_qpc_time
13917576,4221001,cpu_time
14000603,4221002,sync_qpc_time
14000865,4221002,cpu_time
14083951,4221003,sync_qpc_time
14084240,4221003,cpu_time
14167333,4221004,sync_qpc_time
14171166,4221004,cpu_time
14250609,4221005,sync_qpc_time
14250917,4221005,cpu_time
14333979,4221006,sync_qpc_time
14334450,4221006,cpu_time
14417327,4221007,sync_qpc_time
14417577,4221007,cpu_time
14500678,4221008,sync_qpc_time
14500947,4221008,cpu_time
14584006,4221009,sync_qpc_time
14584230,4221009,cpu_time
14667445,4221010,sync_qpc_time
14668371,4221010,cpu_time
14750701,4221011,sync_qpc_time
14750942,4221011,cpu_time
14834047,4221012,sync_qpc_time
14834294,4221012,cpu_time
14917390,4221013,sync_qpc_time
14917631,4221013,cpu_time
15000756,4221014,sync_qpc_time
15001020,4221014,cpu_time
15084093,4221015,sync_qpc_time
15084341,4221015,cpu_time
15167417,4221016,sync_qpc_time
15167871,4221016,cpu_time
15251246,4221017,sync_qpc_time
15251612,4221017,cpu_time
15334125,4221018,sync_qpc_time
15334373,4221018,cpu_time
15417490,4221019,sync_qpc_time
15417758,4221019,cpu_time
15500811,4221020,sync_qpc_time
15501067,4221020,cpu_time
15584164,4221021,sync_qpc_time
15584448,4221021,cpu_time
15667492,4221022,sync_qpc_time
15667888,4221022,cpu_time
15750882,4221023,sync_qpc_time
15751186,4221023,cpu_time
15834225,4221024,sync_qpc_time
15834501,4221024,cpu_time
15917565,4221025,sync_qpc_time
15917845,4221025,cpu_time
16000932,4221026,sync_qpc_time
16001208,4221026,cpu_time
16084257,4221027,sync_qpc_time
16084522,4221027,cpu_time
16167614,4221028,sync_qpc_time
16167917,4221028,cpu_time
16250946,4221029,sync_qpc_time
16251218,4221029,cpu_time
16334285,4221030,sync_qpc_time
16334559,4221030,cpu_time
16417685,4221031,sync_qpc_time
16417950,4221031,cpu_time
16500993,4221032,sync_qpc_time
16501275,4221032,cpu_time
16584332,4221033,sync_qpc_time
16584593,4221033,cpu_time
16667677,4221034,sync_qpc_time
16667978,4221034,cpu_time
16751066,4221035,sync_qpc_time
16753128,4221035,cpu_time
16834432,4221036,sync_qpc_time
16834710,4221036,cpu_time
16917714,4221037,sync_qpc_time
16918014,4221037,cpu_time
17001091,4221038,sync_qpc_time
17001688,4221038,cpu_time
17084402,4221039,sync_qpc_time
17084694,4221039,cpu_time
17167736,4221040,sync_qpc_time
17167983,4221040,cpu_time
17251121,4221041,sync_qpc_time
17251396,4221041,cpu_time
17334443,4221042,sync_qpc_time
17334703,4221042,cpu_time
17417798,4221043,sync_qpc_time
17418087,4221043,cpu_time
17501151,4221044,sync_qpc_time
17501445,4221044,cpu_time
17584550,4221045,sync_qpc_time
17584870,4221045,cpu_time
17667833,4221046,sync_qpc_time
17668107,4221046,cpu_time
17751208,4221047,sync_qpc_time
17751466,4221047,cpu_time
17834540,4221048,sync_qpc_time
17834880,4221048,cpu_time
17917867,4221049,sync_qpc_time
17918146,4221049,cpu_time
18001192,4221050,sync_qpc_time
18001430,4221050,cpu_time
18084561,4221051,sync_qpc_time
18084830,4221051,cpu_time
18167911,4221052,sync_qpc_time
18168196,4221052,cpu_time
18251267,4221053,sync_qpc_time
18251552,4221053,cpu_time
18334666,4221054,sync_qpc_time
18334874,4221054,cpu_time
18417985,4221055,sync_qpc_time
18420364,4221055,cpu_time
18501280,4221056,sync_qpc_time
18501539,4221056,cpu_time
18584641,4221057,sync_qpc_time
18584940,4221057,cpu_time
18667960,4221058,sync_qpc_time
18668178,4221058,cpu_time
18751340,4221059,sync_qpc_time
18751641,4221059,cpu_time
18834673,4221060,sync_qpc_time
18834949,4221060,cpu_time
18918032,4221061,sync_qpc_time
18918318,4221061,cpu_time
19001491,4221062,sync_qpc_time
19001828,4221062,cpu_time
19084755,4221063,sync_qpc_time
19084949,4221063,cpu_time
19168119,4221064,sync_qpc_time
19168462,4221064,cpu_time
19251376,4221065,sync_qpc_time
19251758,4221065,cpu_time
19334749,4221066,sync_qpc_time
19335388,4221066,cpu_time
19418078,4221067,sync_qpc_time
19418328,4221067,cpu_time
19501459,4221068,sync_qpc_time
19501711,4221068,cpu_time
19584764,4221069,sync_qpc_time
19585233,4221069,cpu_time
19668166,4221070,sync_qpc_time
19668423,4221070,cpu_time
19751463,4221071,sync_qpc_time
19751691,4221071,cpu_time
19834815,4221072,sync_qpc_time
19835077,4221072,cpu_time
19918170,4221073,sync_qpc_time
19918721,4221073,cpu_time
20001503,4221074,sync_qpc_time
20001728,4221074,cpu_time
20084843,4221075,sync_qpc_time
20085116,4221075,cpu_time
20168195,4221076,sync_qpc_time
20168427,4221076,cpu_time
20251557,4221077,sync_qpc_time
20251843,4221077,cpu_time
20334940,4221078,sync_qpc_time
20338289,4221078,cpu_time
20418269,4221079,sync_qpc_time
20418537,4221079,cpu_time
20501590,4221080,sync_qpc_time
20501852,4221080,cpu_time
20584973,4221081,sync_qpc_time
20585522,4221081,cpu_time
20668296,4221082,sync_qpc_time
20668549,4221082,cpu_time
20751640,4221083,sync_qpc_time
20752093,4221083,cpu_time
20834981,4221084,sync_qpc_time
20835264,4221084,cpu_time
20918326,4221085,sync_qpc_time
20918614,4221085,cpu_time
21001686,4221086,sync_qpc_time
21002075,4221086,cpu_time
21085002,4221087,sync_qpc_time
21085225,4221087,cpu_time
21168511,4221088,sync_qpc_time
21168922,4221088,cpu_time
21251678,4221089,sync_qpc_time
21251915,4221089,cpu_time
21335057,4221090,sync_qpc_time
21335493,4221090,cpu_time
21419430,4221091,sync_qpc_time
21419769,4221091,cpu_time
21501734,4221092,sync_qpc_time
21502005,4221092,cpu_time
21585078,4221093,sync_qpc_time
21585337,4221093,cpu_time
21668423,4221094,sync_qpc_time
21668694,4221094,cpu_time
21751832,4221095,sync_qpc_time
21752101,4221095,cpu_time
21835115,4221096,sync_qpc_time
21835357,4221096,cpu_time
21918486,4221097,sync_qpc_time
21918755,4221097,cpu_time
22001795,4221098,sync_qpc_time
22002160,4221098,cpu_time
22085199,4221099,sync_qpc_time
22085549,4221099,cpu_time
22168566,4221100,sync_qpc_time
22168833,4221100,cpu_time
22251848,4221101,sync_qpc_time
22252235,4221101,cpu_time
22335252,4221102,sync_qpc_time
22336608,4221102,cpu_time
22418557,4221103,sync_qpc_time
22418835,4221103,cpu_time
22501921,4221104,sync_qpc_time
22502177,4221104,cpu_time
22585215,4221105,sync_qpc_time
22585613,4221105,cpu_time
22668626,4221106,sync_qpc_time
22668900,4221106,cpu_time
22751932,4221107,sync_qpc_time
22752198,4221107,cpu_time
22835356,4221108,sync_qpc_time
22835937,4221108,cpu_time
22918643,4221109,sync_qpc_time
22918909,4221109,cpu_time
23001980,4221110,sync_qpc_time
23002254,4221110,cpu_time
23085304,4221111,sync_qpc_time
23085639,4221111,cpu_time
23168659,4221112,sync_qpc_time
23169062,4221112,cpu_time
23252031,4221113,sync_qpc_time
23252294,4221113,cpu_time
23335330,4221114,sync_qpc_time
23335740,4221114,cpu_time
23418751,4221115,sync_qpc_time
23419013,4221115,cpu_time
23502107,4221116,sync_qpc_time
23502441,4221116,cpu_time
23585424,4221117,sync_qpc_time
23585739,4221117,cpu_time
23669117,4221118,sync_qpc_time
23669555,4221118,cpu_time
23752153,4221119,sync_qpc_time
23752469,4221119,cpu_time
23835399,4221120,sync_qpc_time
23835638,4221120,cpu_time
23918730,4221121,sync_qpc_time
23918994,4221121,cpu_time
24002096,4221122,sync_qpc_time
24002372,4221122,cpu_time
24085438,4221123,sync_qpc_time
24086439,4221123,cpu_time
24168819,4221124,sync_qpc_time
24169099,4221124,cpu_time
24252112,4221125,sync_qpc_time
24252344,4221125,cpu_time
24335505,4221126,sync_qpc_time
24335789,4221126,cpu_time
24418850,4221127,sync_qpc_time
24419115,4221127,cpu_time
24502183,4221128,sync_qpc_time
24502409,4221128,cpu_time
24585491,4221129,sync_qpc_time
24585719,4221129,cpu_time
24668845,4221130,sync_qpc_time
24669085,4221130,cpu_time
24753269,4221131,sync_qpc_time
24753543,4221131,cpu_time
24835543,4221132,sync_qpc_time
24835783,4221132,cpu_time
24918962,4221133,sync_qpc_time
24919227,4221133,cpu_time
25002231,4221134,sync_qpc_time
25002482,4221134,cpu_time
25085670,4221135,sync_qpc_time
25085934,4221135,cpu_time
25168965,4221136,sync_qpc_time
25169226,4221136,cpu_time
25252288,4221137,sync_qpc_time
25252493,4221137,cpu_time
25335615,4221138,sync_qpc_time
25335844,4221138,cpu_time
25418968,4221139,sync_qpc_time
25419223,4221139,cpu_time
25502366,4221140,sync_qpc_time
25502649,4221140,cpu_time
25585705,4221141,sync_qpc_time
25585976,4221141,cpu_time
25669025,4221142,sync_qpc_time
25669258,4221142,cpu_time
25752367,4221143,sync_qpc_time
25752612,4221143,cpu_time
25835693,4221144,sync_qpc_time
25835918,4221144,cpu_time
25919069,4221145,sync_qpc_time
25919327,4221145,cpu_time
26002385,4221146,sync_qpc_time
26002601,4221146,cpu_time
26085741,4221147,sync_qpc_time
26085996,4221147,cpu_time
26169092,4221148,sync_qpc_time
26169443,4221148,cpu_time
26252423,4221149,sync_qpc_time
26252640,4221149,cpu_time
26335789,4221150,sync_qpc_time
26336016,4221150,cpu_time
26419121,4221151,sync_qpc_time
26419340,4221151,cpu_time
26502471,4221152,sync_qpc_time
26502718,4221152,cpu_time
26585810,4221153,sync_qpc_time
26586047,4221153,cpu_time
26669158,4221154,sync_qpc_time
26669400,4221154,cpu_time
26752599,4221155,sync_qpc_time
26752857,4221155,cpu_time
26835872,4221156,sync_qpc_time
26836200,4221156,cpu_time
26919235,4221157,sync_qpc_time
26919507,4221157,cpu_time
27002574,4221158,sync_qpc_time
27002811,4221158,cpu_time
27085965,4221159,sync_qpc_time
27086693,4221159,cpu_time
27169257,4221160,sync_qpc_time
27169508,4221160,cpu_time
27252574,4221161,sync_qpc_time
27252836,4221161,cpu_time
27335932,4221162,sync_qpc_time
27336156,4221162,cpu_time
27419274,4221163,sync_qpc_time
27419520,4221163,cpu_time
27502628,4221164,sync_qpc_time
27502883,4221164,cpu_time
27585967,4221165,sync_qpc_time
27586233,4221165,cpu_time
27669296,4221166,sync_qpc_time
27669551,4221166,cpu_time
27752729,4221167,sync_qpc_time
27753007,4221167,cpu_time
27836041,4221168,sync_qpc_time
27836303,4221168,cpu_time
27919338,4221169,sync_qpc_time
27919558,4221169,cpu_time
28002701,4221170,sync_qpc_time
28002983,4221170,cpu_time
28086095,4221171,sync_qpc_time
28086328,4221171,cpu_time
28169390,4221172,sync_qpc_time
28169647,4221172,cpu_time
28252714,4221173,sync_qpc_time
28252925,4221173,cpu_time
28336142,4221174,sync_qpc_time
28336446,4221174,cpu_time
28419464,4221175,sync_qpc_time
28419696,4221175,cpu_time
28502812,4221176,sync_qpc_time
28503089,4221176,cpu_time
28586162,4221177,sync_qpc_time
28586434,4221177,cpu_time
28669504,4221178,sync_qpc_time
28669764,4221178,cpu_time
28752891,4221179,sync_qpc_time
28753242,4221179,cpu_time
28836153,4221180,sync_qpc_time
28836404,4221180,cpu_time
28919566,4221181,sync_qpc_time
28919864,4221181,cpu_time
29002849,4221182,sync_qpc_time
29003098,4221182,cpu_time
29086292,4221183,sync_qpc_time
29086556,4221183,cpu_time
29169540,4221184,sync_qpc_time
29169811,4221184,cpu_time
29252917,4221185,sync_qpc_time
29253194,4221185,cpu_time
29336302,4221186,sync_qpc_time
29336597,4221186,cpu_time
29419601,4221187,sync_qpc_time
29419871,4221187,cpu_time
29502978,4221188,sync_qpc_time
29503273,4221188,cpu_time
29586258,4221189,sync_qpc_time
29586485,4221189,cpu_time
29669618,4221190,sync_qpc_time
29669871,4221190,cpu_time
29752957,4221191,sync_qpc_time
29753179,4221191,cpu_time
29836321,4221192,sync_qpc_time
29836640,4221192,cpu_time
29919645,4221193,sync_qpc_time
29919979,4221193,cpu_time
30003018,4221194,sync_qpc_time
30003271,4221194,cpu_time
30086394,4221195,sync_qpc_time
30086671,4221195,cpu_time
30169719,4221196,sync_qpc_time
30169942,4221196,cpu_time
30253046,4221197,sync_qpc_time
30253298,4221197,cpu_time
30336372,4221198,sync_qpc_time
30336606,4221198,cpu_time
30419728,4221199,sync_qpc_time
30419984,4221199,cpu_time
30503101,4221200,sync_qpc_time
30503328,4221200,cpu_time
30586432,4221201,sync_qpc_time
30586683,4221201,cpu_time
30669786,4221202,sync_qpc_time
30670019,4221202,cpu_time
30753181,4221203,sync_qpc_time
30753665,4221203,cpu_time
30836542,4221204,sync_qpc_time
30836820,4221204,cpu_time
30919849,4221205,sync_qpc_time
30920092,4221205,cpu_time
31003163,4221206,sync_qpc_time
31003416,4221206,cpu_time
31086542,4221207,sync_qpc_time
31086796,4221207,cpu_time
31169950,4221208,sync_qpc_time
31170372,4221208,cpu_time
31253191,4221209,sync_qpc_time
31253402,4221209,cpu_time
31336544,4221210,sync_qpc_time
31336801,4221210,cpu_time
31419871,4221211,sync_qpc_time
31420081,4221211,cpu_time
31503262,4221212,sync_qpc_time
31503514,4221212,cpu_time
31586606,4221213,sync_qpc_time
31586865,4221213,cpu_time
31669899,4221214,sync_qpc_time
31670124,4221214,cpu_time
31753287,4221215,sync_qpc_time
31753962,4221215,cpu_time
31836607,4221216,sync_qpc_time
31836811,4221216,cpu_time
31919956,4221217,sync_qpc_time
31920190,4221217,cpu_time
32003300,4221218,sync_qpc_time
32003957,4221218,cpu_time
32086710,4221219,sync_qpc_time
32086940,4221219,cpu_time
32169987,4221220,sync_qpc_time
32170187,4221220,cpu_time
32253340,4221221,sync_qpc_time
32253624,4221221,cpu_time
32336705,4221222,sync_qpc_time
32336988,4221222,cpu_time
32420024,4221223,sync_qpc_time
32420274,4221223,cpu_time
32503375,4221224,sync_qpc_time
32503622,4221224,cpu_time
32586761,4221225,sync_qpc_time
32586977,4221225,cpu_time
32670065,4221226,sync_qpc_time
32670315,4221226,cpu_time
32753410,4221227,sync_qpc_time
32753631,4221227,cpu_time
32836806,4221228,sync_qpc_time
32837069,4221228,cpu_time
32920167,4221229,sync_qpc_time
32920449,4221229,cpu_time
33003529,4221230,sync_qpc_time
33003804,4221230,cpu_time
33086844,4221231,sync_qpc_time
33087091,4221231,cpu_time
33170162,4221232,sync_qpc_time
33170412,4221232,cpu_time
33253572,4221233,sync_qpc_time
33253916,4221233,cpu_time
33336878,4221234,sync_qpc_time
33337136,4221234,cpu_time
33420260,4221235,sync_qpc_time
33420522,4221235,cpu_time
33503534,4221236,sync_qpc_time
33503768,4221236,cpu_time
33586885,4221237,sync_qpc_time
33587132,4221237,cpu_time
33670271,4221238,sync_qpc_time
33670506,4221238,cpu_time
33753598,4221239,sync_qpc_time
33753874,4221239,cpu_time
33836929,4221240,sync_qpc_time
33837161,4221240,cpu_time
33920301,4221241,sync_qpc_time
33920660,4221241,cpu_time
34003650,4221242,sync_qpc_time
34003902,4221242,cpu_time
34086977,4221243,sync_qpc_time
34087201,4221243,cpu_time
34170415,4221244,sync_qpc_time
34170766,4221244,cpu_time
34253643,4221245,sync_qpc_time
34253888,4221245,cpu_time
34336998,4221246,sync_qpc_time
34337274,4221246,cpu_time
34420335,4221247,sync_qpc_time
34420553,4221247,cpu_time
34503786,4221248,sync_qpc_time
34504095,4221248,cpu_time
34587190,4221249,sync_qpc_time
34587792,4221249,cpu_time
34670451,4221250,sync_qpc_time
34670708,4221250,cpu_time
34753835,4221251,sync_qpc_time
34754123,4221251,cpu_time
34837074,4221252,sync_qpc_time
34837319,4221252,cpu_time
34920469,4221253,sync_qpc_time
34920738,4221253,cpu_time
35003767,4221254,sync_qpc_time
35004003,4221254,cpu_time
35087182,4221255,sync_qpc_time
35087460,4221255,cpu_time
35170506,4221256,sync_qpc_time
35170755,4221256,cpu_time
35253843,4221257,sync_qpc_time
35254150,4221257,cpu_time
35337187,4221258,sync_qpc_time
35337431,4221258,cpu_time
35420561,4221259,sync_qpc_time
35420820,4221259,cpu_time
35503846,4221260,sync_qpc_time
35504080,4221260,cpu_time
35587251,4221261,sync_qpc_time
35587684,4221261,cpu_time
35670597,4221262,sync_qpc_time
35670892,4221262,cpu_time
35753889,4221263,sync_qpc_time
35754210,4221263,cpu_time
35837217,4221264,sync_qpc_time
35837450,4221264,cpu_time
35920585,4221265,sync_qpc_time
35920808,4221265,cpu_time
36003952,4221266,sync_qpc_time
36004278,4221266,cpu_time
36087343,4221267,sync_qpc_time
36087690,4221267,cpu_time
36170618,4221268,sync_qpc_time
36170882,4221268,cpu_time
36253970,4221269,sync_qpc_time
36254222,4221269,cpu_time
36337292,4221270,sync_qpc_time
36337529,4221270,cpu_time
36420683,4221271,sync_qpc_time
36420955,4221271,cpu_time
36504024,4221272,sync_qpc_time
36504297,4221272,cpu_time
36587396,4221273,sync_qpc_time
36587669,4221273,cpu_time
36670680,4221274,sync_qpc_time
36670905,4221274,cpu_time
36754103,4221275,sync_qpc_time
36754402,4221275,cpu_time
36837378,4221276,sync_qpc_time
36837609,4221276,cpu_time
36920752,4221277,sync_qpc_time
36921028,4221277,cpu_time
37004134,4221278,sync_qpc_time
37004433,4221278,cpu_time
37087414,4221279,sync_qpc_time
37087648,4221279,cpu_time
37170877,4221280,sync_qpc_time
37171136,4221280,cpu_time
37254167,4221281,sync_qpc_time
37254413,4221281,cpu_time
37337524,4221282,sync_qpc_time
37337798,4221282,cpu_time
37420835,4221283,sync_qpc_time
37421088,4221283,cpu_time
37504230,4221284,sync_qpc_time
37504486,4221284,cpu_time
37587528,4221285,sync_qpc_time
37588047,4221285,cpu_time
37670881,4221286,sync_qpc_time
37671162,4221286,cpu_time
37754311,4221287,sync_qpc_time
37754727,4221287,cpu_time
37837580,4221288,sync_qpc_time
37839326,4221288,cpu_time
37920913,4221289,sync_qpc_time
37921196,4221289,cpu_time
38004222,4221290,sync_qpc_time
38004493,4221290,cpu_time
38087622,4221291,sync_qpc_time
38087912,4221291,cpu_time
38171005,4221292,sync_qpc_time
38171332,4221292,cpu_time
38254309,4221293,sync_qpc_time
38254596,4221293,cpu_time
38337631,4221294,sync_qpc_time
38337858,4221294,cpu_time
38420990,4221295,sync_qpc_time
38421249,4221295,cpu_time
38504358,4221296,sync_qpc_time
38504593,4221296,cpu_time
38587691,4221297,sync_qpc_time
38587975,4221297,cpu_time
38671040,4221298,sync_qpc_time
38671333,4221298,cpu_time
38754336,4221299,sync_qpc_time
38754557,4221299,cpu_time
38837729,4221300,sync_qpc_time
38838031,4221300,cpu_time
38921029,4221301,sync_qpc_time
38921237,4221301,cpu_time
39004419,4221302,sync_qpc_time
39004703,4221302,cpu_time
39087750,4221303,sync_qpc_time
39087979,4221303,cpu_time
39171110,4221304,sync_qpc_time
39171385,4221304,cpu_time
39254427,4221305,sync_qpc_time
39255062,4221305,cpu_time
39337807,4221306,sync_qpc_time
39338458,4221306,cpu_time
39421162,4221307,sync_qpc_time
39421431,4221307,cpu_time
39504455,4221308,sync_qpc_time
39504687,4221308,cpu_time
39587888,4221309,sync_qpc_time
39588171,4221309,cpu_time
39671142,4221310,sync_qpc_time
39671359,4221310,cpu_time
39754602,4221311,sync_qpc_time
39754875,4221311,cpu_time
39837834,4221312,sync_qpc_time
39838065,4221312,cpu_time
39921268,4221313,sync_qpc_time
39921587,4221313,cpu_time
40004543,4221314,sync_qpc_time
40004801,4221314,cpu_time
40087951,4221315,sync_qpc_time
40088246,4221315,cpu_time
40171278,4221316,sync_qpc_time
40171566,4221316,cpu_time
40254679,4221317,sync_qpc_time
40254975,4221317,cpu_time
40337978,4221318,sync_qpc_time
40338295,4221318,cpu_time
40421259,4221319,sync_qpc_time
40421469,4221319,cpu_time
40504679,4221320,sync_qpc_time
40504958,4221320,cpu_time
40587913,4221321,sync_qpc_time
40588127,4221321,cpu_time
40671329,4221322,sync_qpc_time
40671585,4221322,cpu_time
40754686,4221323,sync_qpc_time
40754945,4221323,cpu_time
40838047,4221324,sync_qpc_time
40838321,4221324,cpu_time
40921388,4221325,sync_qpc_time
40921654,4221325,cpu_time
41004680,4221326,sync_qpc_time
41004914,4221326,cpu_time
41088069,4221327,sync_qpc_time
41088385,4221327,cpu_time
41171375,4221328,sync_qpc_time
41171601,4221328,cpu_time
41254790,4221329,sync_qpc_time
41255083,4221329,cpu_time
41338164,4221330,sync_qpc_time
41338516,4221330,cpu_time
41421479,4221331,sync_qpc_time
41421779,4221331,cpu_time
41504802,4221332,sync_qpc_time
41505059,4221332,cpu_time
41588162,4221333,sync_qpc_time
41588444,4221333,cpu_time
41671492,4221334,sync_qpc_time
41671747,4221334,cpu_time
41754833,4221335,sync_qpc_time
41755069,4221335,cpu_time
41838236,4221336,sync_qpc_time
41839180,4221336,cpu_time
41921546,4221337,sync_qpc_time
41921826,4221337,cpu_time
42004897,4221338,sync_qpc_time
42005177,4221338,cpu_time
42088203,4221339,sync_qpc_time
42088431,4221339,cpu_time
42171574,4221340,sync_qpc_time
42171855,4221340,cpu_time
42254894,4221341,sync_qpc_time
42255129,4221341,cpu_time
42338259,4221342,sync_qpc_time
42338531,4221342,cpu_time
42421564,4221343,sync_qpc_time
42421790,4221343,cpu_time
42504887,4221344,sync_qpc_time
42505313,4221344,cpu_time
42588288,4221345,sync_qpc_time
42588523,4221345,cpu_time
42671698,4221346,sync_qpc_time
42671955,4221346,cpu_time
42755033,4221347,sync_qpc_time
42755311,4221347,cpu_time
42838289,4221348,sync_qpc_time
42838502,4221348,cpu_time
42921683,4221349,sync_qpc_time
42921952,4221349,cpu_time
43005027,4221350,sync_qpc_time
43005244,4221350,cpu_time
43088414,4221351,sync_qpc_time
43088699,4221351,cpu_time
43171686,4221352,sync_qpc_time
43171914,4221352,cpu_time
43255085,4221353,sync_qpc_time
43255616,4221353,cpu_time
43338409,4221354,sync_qpc_time
43338687,4221354,cpu_time
43421697,4221355,sync_qpc_time
43421909,4221355,cpu_time
43505124,4221356,sync_qpc_time
43505911,4221356,cpu_time
43588433,4221357,sync_qpc_time
43588666,4221357,cpu_time
43671761,4221358,sync_qpc_time
43672011,4221358,cpu_time
43755119,4221359,sync_qpc_time
43755299,4221359,cpu_time
43838487,4221360,sync_qpc_time
43838801,4221360,cpu_time
43921815,4221361,sync_qpc_time
43922112,4221361,cpu_time
44005164,4221362,sync_qpc_time
44005417,4221362,cpu_time
44088503,4221363,sync_qpc_time
44088764,4221363,cpu_time
44171821,4221364,sync_qpc_time
44172055,4221364,cpu_time
44255261,4221365,sync_qpc_time
44256099,4221365,cpu_time
44338553,4221366,sync_qpc_time
44338782,4221366,cpu_time
44421972,4221367,sync_qpc_time
44422283,4221367,cpu_time
44505225,4221368,sync_qpc_time
44505440,4221368,cpu_time
44588609,4221369,sync_qpc_time
44588905,4221369,cpu_time
44671907,4221370,sync_qpc_time
44672125,4221370,cpu_time
44755321,4221371,sync_qpc_time
44755651,4221371,cpu_time
44838649,4221372,sync_qpc_time
44838924,4221372,cpu_time
44921980,4221373,sync_qpc_time
44922249,4221373,cpu_time
45005341,4221374,sync_qpc_time
45005846,4221374,cpu_time
45088633,4221375,sync_qpc_time
45088888,4221375,cpu_time
45172003,4221376,sync_qpc_time
45172746,4221376,cpu_time
45255355,4221377,sync_qpc_time
45255553,4221377,cpu_time
45338753,4221378,sync_qpc_time
45339026,4221378,cpu_time
45422038,4221379,sync_qpc_time
45422267,4221379,cpu_time
45505354,4221380,sync_qpc_time
45506115,4221380,cpu_time
45588807,4221381,sync_qpc_time
45589101,4221381,cpu_time
45672061,4221382,sync_qpc_time
45672332,4221382,cpu_time
45755465,4221383,sync_qpc_time
45756102,4221383,cpu_time
45838836,4221384,sync_qpc_time
45839072,4221384,cpu_time
45922151,4221385,sync_qpc_time
45922453,4221385,cpu_time
46005451,4221386,sync_qpc_time
46006112,4221386,cpu_time
46088837,4221387,sync_qpc_time
46089181,4221387,cpu_time
46172166,4221388,sync_qpc_time
46172430,4221388,cpu_time
46255465,4221389,sync_qpc_time
46255968,4221389,cpu_time
46338929,4221390,sync_qpc_time
46339188,4221390,cpu_time
46422179,4221391,sync_qpc_time
46422446,4221391,cpu_time
46505459,4221392,sync_qpc_time
46506000,4221392,cpu_time
46588846,4221393,sync_qpc_time
46589642,4221393,cpu_time
46672210,4221394,sync_qpc_time
46672461,4221394,cpu_time
46755571,4221395,sync_qpc_time
46755827,4221395,cpu_time
46839062,4221396,sync_qpc_time
46839341,4221396,cpu_time
46922206,4221397,sync_qpc_time
46922503,4221397,cpu_time
47005592,4221398,sync_qpc_time
47006243,4221398,cpu_time
47088962,4221399,sync_qpc_time
47089208,4221399,cpu_time
47172286,4221400,sync_qpc_time
47173052,4221400,cpu_time
47255647,4221401,sync_qpc_time
47255913,4221401,cpu_time
47338960,4221402,sync_qpc_time
47339161,4221402,cpu_time
47422328,4221403,sync_qpc_time
47422568,4221403,cpu_time
47505704,4221404,sync_qpc_time
47506012,4221404,cpu_time
47589066,4221405,sync_qpc_time
47589330,4221405,cpu_time
47672393,4221406,sync_qpc_time
47672638,4221406,cpu_time
47755740,4221407,sync_qpc_time
47756068,4221407,cpu_time
47839092,4221408,sync_qpc_time
47839545,4221408,cpu_time
47922469,4221409,sync_qpc_time
47923612,4221409,cpu_time
48005788,4221410,sync_qpc_time
48006303,4221410,cpu_time
48089123,4221411,sync_qpc_time
48090403,4221411,cpu_time
48172468,4221412,sync_qpc_time
48172911,4221412,cpu_time
48255817,4221413,sync_qpc_time
48256085,4221413,cpu_time
48339167,4221414,sync_qpc_time
48339414,4221414,cpu_time
48422545,4221415,sync_qpc_time
48422826,4221415,cpu_time
48505849,4221416,sync_qpc_time
48506227,4221416,cpu_time
48589239,4221417,sync_qpc_time
48589500,4221417,cpu_time
48672536,4221418,sync_qpc_time
48672889,4221418,cpu_time
48755888,4221419,sync_qpc_time
48756347,4221419,cpu_time
48839259,4221420,sync_qpc_time
48839549,4221420,cpu_time
48923116,4221421,sync_qpc_time
48923427,4221421,cpu_time
49005956,4221422,sync_qpc_time
49006240,4221422,cpu_time
49089280,4221423,sync_qpc_time
49089543,4221423,cpu_time
49172661,4221424,sync_qpc_time
49172928,4221424,cpu_time
49255974,4221425,sync_qpc_time
49256229,4221425,cpu_time
49339344,4221426,sync_qpc_time
49339615,4221426,cpu_time
49422655,4221427,sync_qpc_time
49422870,4221427,cpu_time
49506038,4221428,sync_qpc_time
49506314,4221428,cpu_time
49589386,4221429,sync_qpc_time
49589780,4221429,cpu_time
49673178,4221430,sync_qpc_time
49673532,4221430,cpu_time
49756125,4221431,sync_qpc_time
49756683,4221431,cpu_time
49839401,4221432,sync_qpc_time
49839648,4221432,cpu_time
49922768,4221433,sync_qpc_time
49923180,4221433,cpu_time
50006088,4221434,sync_qpc_time
50006451,4221434,cpu_time
50089452,4221435,sync_qpc_time
50089710,4221435,cpu_time
50172783,4221436,sync_qpc_time
50173930,4221436,cpu_time
50256148,4221437,sync_qpc_time
50256639,4221437,cpu_time
50339517,4221438,sync_qpc_time
50339803,4221438,cpu_time
50422809,4221439,sync_qpc_time
50423229,4221439,cpu_time
50506214,4221440,sync_qpc_time
50506505,4221440,cpu_time
50589519,4221441,sync_qpc_time
50589926,4221441,cpu_time
50672890,4221442,sync_qpc_time
50673165,4221442,cpu_time
50756201,4221443,sync_qpc_time
50756580,4221443,cpu_time
50839583,4221444,sync_qpc_time
50839856,4221444,cpu_time
50922894,4221445,sync_qpc_time
50923165,4221445,cpu_time
51006249,4221446,sync_qpc_time
51006635,4221446,cpu_time
51089653,4221447,sync_qpc_time
51089930,4221447,cpu_time
51172966,4221448,sync_qpc_time
51173293,4221448,cpu_time
51256453,4221449,sync_qpc_time
51256732,4221449,cpu_time
51339626,4221450,sync_qpc_time
51339889,4221450,cpu_time
51423038,4221451,sync_qpc_time
51423304,4221451,cpu_time
51506305,4221452,sync_qpc_time
51506681,4221452,cpu_time
51589696,4221453,sync_qpc_time
51590006,4221453,cpu_time
51673010,4221454,sync_qpc_time
51673258,4221454,cpu_time
51756359,4221455,sync_qpc_time
51756760,4221455,cpu_time
51839712,4221456,sync_qpc_time
51839975,4221456,cpu_time
51923050,4221457,sync_qpc_time
51923286,4221457,cpu_time
52006436,4221458,sync_qpc_time
52006900,4221458,cpu_time
52089725,4221459,sync_qpc_time
52090099,4221459,cpu_time
52173140,4221460,sync_qpc_time
52173407,4221460,cpu_time
52256420,4221461,sync_qpc_time
52256841,4221461,cpu_time
52339801,4221462,sync_qpc_time
52340061,4221462,cpu_time
52423109,4221463,sync_qpc_time
52423319,4221463,cpu_time
52506476,4221464,sync_qpc_time
52506747,4221464,cpu_time
52589922,4221465,sync_qpc_time
52590229,4221465,cpu_time
52673161,4221466,sync_qpc_time
52675843,4221466,cpu_time
52756512,4221467,sync_qpc_time
52756837,4221467,cpu_time
52839926,4221468,sync_qpc_time
52840257,4221468,cpu_time
52923234,4221469,sync_qpc_time
52923536,4221469,cpu_time
53006546,4221470,sync_qpc_time
53006761,4221470,cpu_time
53089885,4221471,sync_qpc_time
53090154,4221471,cpu_time
53173239,4221472,sync_qpc_time
53173499,4221472,cpu_time
53256586,4221473,sync_qpc_time
53256883,4221473,cpu_time
53339922,4221474,sync_qpc_time
53340150,4221474,cpu_time
53423277,4221475,sync_qpc_time
53423516,4221475,cpu_time
53506614,4221476,sync_qpc_time
53506845,4221476,cpu_time
53589962,4221477,sync_qpc_time
53590423,4221477,cpu_time
53673325,4221478,sync_qpc_time
53673619,4221478,cpu_time
53756658,4221479,sync_qpc_time
53756888,4221479,cpu_time
53840087,4221480,sync_qpc_time
53840429,4221480,cpu_time
53923345,4221481,sync_qpc_time
53923564,4221481,cpu_time
54006753,4221482,sync_qpc_time
54007408,4221482,cpu_time
54090042,4221483,sync_qpc_time
54090467,4221483,cpu_time
54173423,4221484,sync_qpc_time
54173740,4221484,cpu_time
54256754,4221485,sync_qpc_time
54257030,4221485,cpu_time
54340091,4221486,sync_qpc_time
54340486,4221486,cpu_time
54423524,4221487,sync_qpc_time
54424252,4221487,cpu_time
54506762,4221488,sync_qpc_time
54507126,4221488,cpu_time
54590157,4221489,sync_qpc_time
54590455,4221489,cpu_time
54673473,4221490,sync_qpc_time
54673718,4221490,cpu_time
54756813,4221491,sync_qpc_time
54757084,4221491,cpu_time
54840148,4221492,sync_qpc_time
54840551,4221492,cpu_time
54923544,4221493,sync_qpc_time
54923811,4221493,cpu_time
55006857,4221494,sync_qpc_time
55007138,4221494,cpu_time
55090191,4221495,sync_qpc_time
55092446,4221495,cpu_time
55173595,4221496,sync_qpc_time
55173889,4221496,cpu_time
55256962,4221497,sync_qpc_time
55257418,4221497,cpu_time
55340240,4221498,sync_qpc_time
55340523,4221498,cpu_time
55423584,4221499,sync_qpc_time
55423816,4221499,cpu_time
55506923,4221500,sync_qpc_time
55508082,4221500,cpu_time
55590284,4221501,sync_qpc_time
55590532,4221501,cpu_time
55673618,4221502,sync_qpc_time
55674062,4221502,cpu_time
55757040,4221503,sync_qpc_time
55757323,4221503,cpu_time
55840319,4221504,sync_qpc_time
55840555,4221504,cpu_time
55923680,4221505,sync_qpc_time
55923935,4221505,cpu_time
56007022,4221506,sync_qpc_time
56007290,4221506,cpu_time
56090422,4221507,sync_qpc_time
56090726,4221507,cpu_time
56173754,4221508,sync_qpc_time
56174288,4221508,cpu_time
56257143,4221509,sync_qpc_time
56257683,4221509,cpu_time
56340380,4221510,sync_qpc_time
56340789,4221510,cpu_time
56423761,4221511,sync_qpc_time
56424040,4221511,cpu_time
56507096,4221512,sync_qpc_time
56507365,4221512,cpu_time
56590432,4221513,sync_qpc_time
56590671,4221513,cpu_time
56673816,4221514,sync_qpc_time
56674107,4221514,cpu_time
56757158,4221515,sync_qpc_time
56757449,4221515,cpu_time
56840460,4221516,sync_qpc_time
56840709,4221516,cpu_time
56923802,4221517,sync_qpc_time
56924218,4221517,cpu_time
57007161,4221518,sync_qpc_time
57007414,4221518,cpu_time
57090539,4221519,sync_qpc_time
57091006,4221519,cpu_time
57173959,4221520,sync_qpc_time
57174284,4221520,cpu_time
57257210,4221521,sync_qpc_time
57257644,4221521,cpu_time
57340541,4221522,sync_qpc_time
57341066,4221522,cpu_time
57423910,4221523,sync_qpc_time
57424182,4221523,cpu_time
57507356,4221524,sync_qpc_time
57507867,4221524,cpu_time
57590578,4221525,sync_qpc_time
57590824,4221525,cpu_time
57673965,4221526,sync_qpc_time
57674493,4221526,cpu_time
57757286,4221527,sync_qpc_time
57757556,4221527,cpu_time
57840611,4221528,sync_qpc_time
57840846,4221528,cpu_time
57923980,4221529,sync_qpc_time
57924236,4221529,cpu_time
58007318,4221530,sync_qpc_time
58007708,4221530,cpu_time
58090732,4221531,sync_qpc_time
58091061,4221531,cpu_time
58174027,4221532,sync_qpc_time
58174727,4221532,cpu_time
58257353,4221533,sync_qpc_time
58257791,4221533,cpu_time
58340779,4221534,sync_qpc_time
58341075,4221534,cpu_time
58424028,4221535,sync_qpc_time
58424266,4221535,cpu_time
58507407,4221536,sync_qpc_time
58507680,4221536,cpu_time
58590736,4221537,sync_qpc_time
58591111,4221537,cpu_time
58674108,4221538,sync_qpc_time
58674394,4221538,cpu_time
58757423,4221539,sync_qpc_time
58757775,4221539,cpu_time
58840800,4221540,sync_qpc_time
58841079,4221540,cpu_time
58924131,4221541,sync_qpc_time
58924397,4221541,cpu_time
59007473,4221542,sync_qpc_time
59007719,4221542,cpu_time
59090892,4221543,sync_qpc_time
59091169,4221543,cpu_time
59174142,4221544,sync_qpc_time
59174500,4221544,cpu_time
59257528,4221545,sync_qpc_time
59257791,4221545,cpu_time
59340835,4221546,sync_qpc_time
59341214,4221546,cpu_time
59424286,4221547,sync_qpc_time
59424562,4221547,cpu_time
59507530,4221548,sync_qpc_time
59508064,4221548,cpu_time
59590933,4221549,sync_qpc_time
59591205,4221549,cpu_time
59674259,4221550,sync_qpc_time
59674507,4221550,cpu_time
59757582,4221551,sync_qpc_time
59757840,4221551,cpu_time
59840992,4221552,sync_qpc_time
59841750,4221552,cpu_time
59924273,4221553,sync_qpc_time
59924679,4221553,cpu_time
60007629,4221554,sync_qpc_time
60007880,4221554,cpu_time
60091060,4221555,sync_qpc_time
60091360,4221555,cpu_time
60174505,4221556,sync_qpc_time
60175025,4221556,cpu_time
60257662,4221557,sync_qpc_time
60257892,4221557,cpu_time
60341013,4221558,sync_qpc_time
60341260,4221558,cpu_time
60424380,4221559,sync_qpc_time
60424623,4221559,cpu_time
60507707,4221560,sync_qpc_time
60507961,4221560,cpu_time
60591135,4221561,sync_qpc_time
60591403,4221561,cpu_time
60674373,4221562,sync_qpc_time
60674742,4221562,cpu_time
60757763,4221563,sync_qpc_time
60758050,4221563,cpu_time
60841092,4221564,sync_qpc_time
60841360,4221564,cpu_time
60924464,4221565,sync_qpc_time
60924738,4221565,cpu_time
61007766,4221566,sync_qpc_time
61008158,4221566,cpu_time
61091166,4221567,sync_qpc_time
61091451,4221567,cpu_time
61174454,4221568,sync_qpc_time
61174913,4221568,cpu_time
61257831,4221569,sync_qpc_time
61258101,4221569,cpu_time
61341185,4221570,sync_qpc_time
61341455,4221570,cpu_time
61424568,4221571,sync_qpc_time
61424825,4221571,cpu_time
61507906,4221572,sync_qpc_time
61508212,4221572,cpu_time
61591181,4221573,sync_qpc_time
61591552,4221573,cpu_time
61674563,4221574,sync_qpc_time
61674866,4221574,cpu_time
61757881,4221575,sync_qpc_time
61758248,4221575,cpu_time
61841264,4221576,sync_qpc_time
61841678,4221576,cpu_time
61924586,4221577,sync_qpc_time
61924847,4221577,cpu_time
62007952,4221578,sync_qpc_time
62008192,4221578,cpu_time
62091288,4221579,sync_qpc_time
62091565,4221579,cpu_time
62174613,4221580,sync_qpc_time
62174996,4221580,cpu_time
62258011,4221581,sync_qpc_time
62258279,4221581,cpu_time
62341301,4221582,sync_qpc_time
62341719,4221582,cpu_time
62424699,4221583,sync_qpc_time
62424998,4221583,cpu_time
62507991,4221584,sync_qpc_time
62508399,4221584,cpu_time
62591398,4221585,sync_qpc_time
62591661,4221585,cpu_time
62674683,4221586,sync_qpc_time
62674903,4221586,cpu_time
62758058,4221587,sync_qpc_time
62758356,4221587,cpu_time
62841444,4221588,sync_qpc_time
62842922,4221588,cpu_time
62924741,4221589,sync_qpc_time
62924992,4221589,cpu_time
63008100,4221590,sync_qpc_time
63008364,4221590,cpu_time
63091428,4221591,sync_qpc_time
63091683,4221591,cpu_time
63174797,4221592,sync_qpc_time
63175049,4221592,cpu_time
63258116,4221593,sync_qpc_time
63258340,4221593,cpu_time
63341471,4221594,sync_qpc_time
63341722,4221594,cpu_time
63424804,4221595,sync_qpc_time
63425029,4221595,cpu_time
63508180,4221596,sync_qpc_time
63508463,4221596,cpu_time
63591581,4221597,sync_qpc_time
63591902,4221597,cpu_time
63674856,4221598,sync_qpc_time
63675333,4221598,cpu_time
63758270,4221599,sync_qpc_time
63758549,4221599,cpu_time
63841543,4221600,sync_qpc_time
63841770,4221600,cpu_time
63924910,4221601,sync_qpc_time
63925267,4221601,cpu_time
64008237,4221602,sync_qpc_time
64008497,4221602,cpu_time
64091598,4221603,sync_qpc_time
64091850,4221603,cpu_time
64174927,4221604,sync_qpc_time
64175220,4221604,cpu_time
64258291,4221605,sync_qpc_time
64258565,4221605,cpu_time
64341646,4221606,sync_qpc_time
64342653,4221606,cpu_time
64424982,4221607,sync_qpc_time
64425265,4221607,cpu_time
64508322,4221608,sync_qpc_time
64508570,4221608,cpu_time
64591656,4221609,sync_qpc_time
64591898,4221609,cpu_time
64675065,4221610,sync_qpc_time
64675345,4221610,cpu_time
64758334,4221611,sync_qpc_time
64758755,4221611,cpu_time
64841723,4221612,sync_qpc_time
64841976,4221612,cpu_time
64925044,4221613,sync_qpc_time
64925287,4221613,cpu_time
65008509,4221614,sync_qpc_time
65008856,4221614,cpu_time
65091736,4221615,sync_qpc_time
65092389,4221615,cpu_time
65175077,4221616,sync_qpc_time
65175520,4221616,cpu_time
65258454,4221617,sync_qpc_time
65258758,4221617,cpu_time
65341774,4221618,sync_qpc_time
65342063,4221618,cpu_time
65425196,4221619,sync_qpc_time
65425502,4221619,cpu_time
65508494,4221620,sync_qpc_time
65508891,4221620,cpu_time
65591837,4221621,sync_qpc_time
65592091,4221621,cpu_time
65675144,4221622,sync_qpc_time
65675563,4221622,cpu_time
65758523,4221623,sync_qpc_time
65758851,4221623,cpu_time
65841856,4221624,sync_qpc_time
65842278,4221624,cpu_time
65925200,4221625,sync_qpc_time
65925458,4221625,cpu_time
66008569,4221626,sync_qpc_time
66008845,4221626,cpu_time
66091875,4221627,sync_qpc_time
66092309,4221627,cpu_time
66175301,4221628,sync_qpc_time
66175580,4221628,cpu_time
66258561,4221629,sync_qpc_time
66258985,4221629,cpu_time
66341962,4221630,sync_qpc_time
66342254,4221630,cpu_time
66425255,4221631,sync_qpc_time
66425700,4221631,cpu_time
66508631,4221632,sync_qpc_time
66509067,4221632,cpu_time
66591951,4221633,sync_qpc_time
66592379,4221633,cpu_time
66675345,4221634,sync_qpc_time
66675629,4221634,cpu_time
66759209,4221635,sync_qpc_time
66759582,4221635,cpu_time
66842002,4221636,sync_qpc_time
66842253,4221636,cpu_time
66925392,4221637,sync_qpc_time
66925666,4221637,cpu_time
67008693,4221638,sync_qpc_time
67008959,4221638,cpu_time
67092116,4221639,sync_qpc_time
67092437,4221639,cpu_time
67175373,4221640,sync_qpc_time
67175842,4221640,cpu_time
67258736,4221641,sync_qpc_time
67258980,4221641,cpu_time
67342064,4221642,sync_qpc_time
67342510,4221642,cpu_time
67425434,4221643,sync_qpc_time
67425699,4221643,cpu_time
67508764,4221644,sync_qpc_time
67509023,4221644,cpu_time
67592119,4221645,sync_qpc_time
67592625,4221645,cpu_time
67675510,4221646,sync_qpc_time
67675769,4221646,cpu_time
67758866,4221647,sync_qpc_time
67759410,4221647,cpu_time
67842181,4221648,sync_qpc_time
67842437,4221648,cpu_time
67925495,4221649,sync_qpc_time
67925766,4221649,cpu_time
68008862,4221650,sync_qpc_time
68009155,4221650,cpu_time
68092174,4221651,sync_qpc_time
68092604,4221651,cpu_time
68175620,4221652,sync_qpc_time
68175890,4221652,cpu_time
68258883,4221653,sync_qpc_time
68259130,4221653,cpu_time
68342245,4221654,sync_qpc_time
68342672,4221654,cpu_time
68425667,4221655,sync_qpc_time
68425963,4221655,cpu_time
68508966,4221656,sync_qpc_time
68509238,4221656,cpu_time
68592364,4221657,sync_qpc_time
68592683,4221657,cpu_time
68675611,4221658,sync_qpc_time
68675856,4221658,cpu_time
68759121,4221659,sync_qpc_time
68759691,4221659,cpu_time
68842295,4221660,sync_qpc_time
68842733,4221660,cpu_time
68925675,4221661,sync_qpc_time
68926020,4221661,cpu_time
69009011,4221662,sync_qpc_time
69009366,4221662,cpu_time
69092337,4221663,sync_qpc_time
69092768,4221663,cpu_time
69175736,4221664,sync_qpc_time
69175987,4221664,cpu_time
69259042,4221665,sync_qpc_time
69259303,4221665,cpu_time
69342417,4221666,sync_qpc_time
69342677,4221666,cpu_time
69425719,4221667,sync_qpc_time
69426138,4221667,cpu_time
69509102,4221668,sync_qpc_time
69509364,4221668,cpu_time
69592405,4221669,sync_qpc_time
69592801,4221669,cpu_time
69675799,4221670,sync_qpc_time
69676065,4221670,cpu_time
69759146,4221671,sync_qpc_time
69759445,4221671,cpu_time
69842469,4221672,sync_qpc_time
69842746,4221672,cpu_time
69925833,4221673,sync_qpc_time
69926077,4221673,cpu_time
70009158,4221674,sync_qpc_time
70009418,4221674,cpu_time
70092582,4221675,sync_qpc_time
70092894,4221675,cpu_time
70175836,4221676,sync_qpc_time
70176085,4221676,cpu_time
70259227,4221677,sync_qpc_time
70259516,4221677,cpu_time
70342527,4221678,sync_qpc_time
70342947,4221678,cpu_time
70425910,4221679,sync_qpc_time
70426179,4221679,cpu_time
70509227,4221680,sync_qpc_time
70509459,4221680,cpu_time
70592697,4221681,sync_qpc_time
70593096,4221681,cpu_time
70675912,4221682,sync_qpc_time
70676171,4221682,cpu_time
70759351,4221683,sync_qpc_time
70759685,4221683,cpu_time
70842662,4221684,sync_qpc_time
70842964,4221684,cpu_time
70925951,4221685,sync_qpc_time
70926449,4221685,cpu_time
71009402,4221686,sync_qpc_time
71009690,4221686,cpu_time
71092654,4221687,sync_qpc_time
71092879,4221687,cpu_time
71175987,4221688,sync_qpc_time
71176245,4221688,cpu_time
71259347,4221689,sync_qpc_time
71259592,4221689,cpu_time
71342723,4221690,sync_qpc_time
71342996,4221690,cpu_time
71426066,4221691,sync_qpc_time
71426323,4221691,cpu_time
71509479,4221692,sync_qpc_time
71509945,4221692,cpu_time
71593274,4221693,sync_qpc_time
71593550,4221693,cpu_time
71676141,4221694,sync_qpc_time
71676619,4221694,cpu_time
71759482,4221695,sync_qpc_time
71760077,4221695,cpu_time
71842771,4221696,sync_qpc_time
71843008,4221696,cpu_time
71926192,4221697,sync_qpc_time
71926502,4221697,cpu_time
72009460,4221698,sync_qpc_time
72009700,4221698,cpu_time
72092825,4221699,sync_qpc_time
72093091,4221699,cpu_time
72176137,4221700,sync_qpc_time
72176553,4221700,cpu_time
72259514,4221701,sync_qpc_time
72259792,4221701,cpu_time
72342882,4221702,sync_qpc_time
72343137,4221702,cpu_time
72426199,4221703,sync_qpc_time
72426474,4221703,cpu_time
72509551,4221704,sync_qpc_time
72509979,4221704,cpu_time
72592880,4221705,sync_qpc_time
72593135,4221705,cpu_time
72676245,4221706,sync_qpc_time
72676522,4221706,cpu_time
72759563,4221707,sync_qpc_time
72759970,4221707,cpu_time
72842939,4221708,sync_qpc_time
72843301,4221708,cpu_time
72926250,4221709,sync_qpc_time
72926662,4221709,cpu_time
73009614,4221710,sync_qpc_time
73009873,4221710,cpu_time
73093126,4221711,sync_qpc_time
73093511,4221711,cpu_time
73176310,4221712,sync_qpc_time
73176583,4221712,cpu_time
73259685,4221713,sync_qpc_time
73259958,4221713,cpu_time
73342981,4221714,sync_qpc_time
73343419,4221714,cpu_time
73426347,4221715,sync_qpc_time
73426617,4221715,cpu_time
73509680,4221716,sync_qpc_time
73509918,4221716,cpu_time
73593061,4221717,sync_qpc_time
73593346,4221717,cpu_time
73676365,4221718,sync_qpc_time
73676787,4221718,cpu_time
73759735,4221719,sync_qpc_time
73760074,4221719,cpu_time
73843078,4221720,sync_qpc_time
73843338,4221720,cpu_time
73926427,4221721,sync_qpc_time
73926690,4221721,cpu_time
74009839,4221722,sync_qpc_time
74010119,4221722,cpu_time
74093113,4221723,sync_qpc_time
74093367,4221723,cpu_time
74176459,4221724,sync_qpc_time
74176722,4221724,cpu_time
74259787,4221725,sync_qpc_time
74260226,4221725,cpu_time
74343176,4221726,sync_qpc_time
74343459,4221726,cpu_time
74426481,4221727,sync_qpc_time
74426717,4221727,cpu_time
74509933,4221728,sync_qpc_time
74510275,4221728,cpu_time
74593193,4221729,sync_qpc_time
74594351,4221729,cpu_time
74676533,4221730,sync_qpc_time
74676777,4221730,cpu_time
74759944,4221731,sync_qpc_time
74760214,4221731,cpu_time
74843221,4221732,sync_qpc_time
74843673,4221732,cpu_time
74926586,4221733,sync_qpc_time
74926829,4221733,cpu_time
75009925,4221734,sync_qpc_time
75010153,4221734,cpu_time
75093255,4221735,sync_qpc_time
75093501,4221735,cpu_time
75176614,4221736,sync_qpc_time
75177009,4221736,cpu_time
75259974,4221737,sync_qpc_time
75260236,4221737,cpu_time
75343299,4221738,sync_qpc_time
75343566,4221738,cpu_time
75426740,4221739,sync_qpc_time
75427179,4221739,cpu_time
75510012,4221740,sync_qpc_time
75510261,4221740,cpu_time
75593334,4221741,sync_qpc_time
75593741,4221741,cpu_time
75676693,4221742,sync_qpc_time
75676977,4221742,cpu_time
75760021,4221743,sync_qpc_time
75760437,4221743,cpu_time
75843409,4221744,sync_qpc_time
75843664,4221744,cpu_time
75926711,4221745,sync_qpc_time
75927126,4221745,cpu_time
76010094,4221746,sync_qpc_time
76010493,4221746,cpu_time
76093415,4221747,sync_qpc_time
76093655,4221747,cpu_time
76176772,4221748,sync_qpc_time
76177034,4221748,cpu_time
76260144,4221749,sync_qpc_time
76260436,4221749,cpu_time
76343448,4221750,sync_qpc_time
76343909,4221750,cpu_time
76426802,4221751,sync_qpc_time
76427047,4221751,cpu_time
76510135,4221752,sync_qpc_time
76510565,4221752,cpu_time
76593531,4221753,sync_qpc_time
76593808,4221753,cpu_time
76676824,4221754,sync_qpc_time
76677253,4221754,cpu_time
76760201,4221755,sync_qpc_time
76760479,4221755,cpu_time
76843532,4221756,sync_qpc_time
76843785,4221756,cpu_time
76926931,4221757,sync_qpc_time
76927284,4221757,cpu_time
77010212,4221758,sync_qpc_time
77010444,4221758,cpu_time
77093585,4221759,sync_qpc_time
77094039,4221759,cpu_time
77176925,4221760,sync_qpc_time
77177187,4221760,cpu_time
77260267,4221761,sync_qpc_time
77260791,4221761,cpu_time
77343637,4221762,sync_qpc_time
77343901,4221762,cpu_time
77426950,4221763,sync_qpc_time
77427171,4221763,cpu_time
77510312,4221764,sync_qpc_time
77510583,4221764,cpu_time
77593643,4221765,sync_qpc_time
77594082,4221765,cpu_time
77677084,4221766,sync_qpc_time
77677588,4221766,cpu_time
77760340,4221767,sync_qpc_time
77760785,4221767,cpu_time
77843690,4221768,sync_qpc_time
77844133,4221768,cpu_time
77927028,4221769,sync_qpc_time
77927371,4221769,cpu_time
78010374,4221770,sync_qpc_time
78010863,4221770,cpu_time
78093787,4221771,sync_qpc_time
78094129,4221771,cpu_time
78177070,4221772,sync_qpc_time
78177330,4221772,cpu_time
78260429,4221773,sync_qpc_time
78260697,4221773,cpu_time
78343742,4221774,sync_qpc_time
78344224,4221774,cpu_time
78427110,4221775,sync_qpc_time
78427391,4221775,cpu_time
78510437,4221776,sync_qpc_time
78510660,4221776,cpu_time
78593828,4221777,sync_qpc_time
78594128,4221777,cpu_time
78677167,4221778,sync_qpc_time
78677456,4221778,cpu_time
78760494,4221779,sync_qpc_time
78760760,4221779,cpu_time
78843867,4221780,sync_qpc_time
78844130,4221780,cpu_time
78927169,4221781,sync_qpc_time
78927593,4221781,cpu_time
79010554,4221782,sync_qpc_time
79010813,4221782,cpu_time
79093862,4221783,sync_qpc_time
79094272,4221783,cpu_time
79177228,4221784,sync_qpc_time
79177520,4221784,cpu_time
79260553,4221785,sync_qpc_time
79261004,4221785,cpu_time
79343928,4221786,sync_qpc_time
79344197,4221786,cpu_time
79427267,4221787,sync_qpc_time
79427542,4221787,cpu_time
79510611,4221788,sync_qpc_time
79510874,4221788,cpu_time
79594009,4221789,sync_qpc_time
79594288,4221789,cpu_time
79677289,4221790,sync_qpc_time
79677721,4221790,cpu_time
79760709,4221791,sync_qpc_time
79761009,4221791,cpu_time
79843975,4221792,sync_qpc_time
79844391,4221792,cpu_time
79927386,4221793,sync_qpc_time
79927686,4221793,cpu_time
80010665,4221794,sync_qpc_time
80011093,4221794,cpu_time
80094036,4221795,sync_qpc_time
80094405,4221795,cpu_time
80177377,4221796,sync_qpc_time
80178979,4221796,cpu_time
80260737,4221797,sync_qpc_time
80260996,4221797,cpu_time
80344095,4221798,sync_qpc_time
80344362,4221798,cpu_time
80427406,4221799,sync_qpc_time
80427851,4221799,cpu_time
80510903,4221800,sync_qpc_time
80511186,4221800,cpu_time
80594094,4221801,sync_qpc_time
80594323,4221801,cpu_time
80677473,4221802,sync_qpc_time
80677757,4221802,cpu_time
80760785,4221803,sync_qpc_time
80761245,4221803,cpu_time
80844189,4221804,sync_qpc_time
80844597,4221804,cpu_time
80927473,4221805,sync_qpc_time
80927697,4221805,cpu_time
81010848,4221806,sync_qpc_time
81011097,4221806,cpu_time
81094206,4221807,sync_qpc_time
81094523,4221807,cpu_time
81177536,4221808,sync_qpc_time
81177790,4221808,cpu_time
81260926,4221809,sync_qpc_time
81261188,4221809,cpu_time
81344216,4221810,sync_qpc_time
81344685,4221810,cpu_time
81427572,4221811,sync_qpc_time
81428032,4221811,cpu_time
81510931,4221812,sync_qpc_time
81511168,4221812,cpu_time
81594287,4221813,sync_qpc_time
81594570,4221813,cpu_time
81677594,4221814,sync_qpc_time
81678015,4221814,cpu_time
81760972,4221815,sync_qpc_time
81761273,4221815,cpu_time
81844291,4221816,sync_qpc_time
81844519,4221816,cpu_time
81927664,4221817,sync_qpc_time
81927936,4221817,cpu_time
82011046,4221818,sync_qpc_time
82011307,4221818,cpu_time
82094333,4221819,sync_qpc_time
82094590,4221819,cpu_time
82177683,4221820,sync_qpc_time
82177984,4221820,cpu_time
82261017,4221821,sync_qpc_time
82261457,4221821,cpu_time
82344427,4221822,sync_qpc_time
82344739,4221822,cpu_time
82427717,4221823,sync_qpc_time
82427979,4221823,cpu_time
82511080,4221824,sync_qpc_time
82511336,4221824,cpu_time
82594416,4221825,sync_qpc_time
82594697,4221825,cpu_time
82677763,4221826,sync_qpc_time
82678019,4221826,cpu_time
82761182,4221827,sync_qpc_time
82761458,4221827,cpu_time
82844450,4221828,sync_qpc_time
82844702,4221828,cpu_time
82927808,4221829,sync_qpc_time
82928121,4221829,cpu_time
83011138,4221830,sync_qpc_time
83011367,4221830,cpu_time
83094614,4221831,sync_qpc_time
83095115,4221831,cpu_time
83177819,4221832,sync_qpc_time
83178245,4221832,cpu_time
83261201,4221833,sync_qpc_time
83261497,4221833,cpu_time
83344525,4221834,sync_qpc_time
83344785,4221834,cpu_time
83427892,4221835,sync_qpc_time
83428182,4221835,cpu_time
83511239,4221836,sync_qpc_time
83511548,4221836,cpu_time
83594567,4221837,sync_qpc_time
83594800,4221837,cpu_time
83677926,4221838,sync_qpc_time
83678199,4221838,cpu_time
83761250,4221839,sync_qpc_time
83761686,4221839,cpu_time
83844628,4221840,sync_qpc_time
83844892,4221840,cpu_time
83927952,4221841,sync_qpc_time
83928190,4221841,cpu_time
84011326,4221842,sync_qpc_time
84011600,4221842,cpu_time
84094627,4221843,sync_qpc_time
84095025,4221843,cpu_time
84177990,4221844,sync_qpc_time
84178390,4221844,cpu_time
84261387,4221845,sync_qpc_time
84261641,4221845,cpu_time
84344686,4221846,sync_qpc_time
84345194,4221846,cpu_time
